{
  "width": 485,
  "height": 674,
  "cx": [
    [ "TELETRAVAIL", 55 ],
    [ "teletravaille", 184 ],
    [ "a_pose", 325 ],
    [ "CONGES", 426 ],
    [ "valide_tt", 55 ],
    [ "valide_conges", 426 ],
    [ "ABSCENCE", 55 ],
    [ "est_absent", 184 ],
    [ "EMPLOYE", 325 ],
    [ "travaille_sup", 55 ],
    [ "informe", 184 ],
    [ "travaille", 325 ],
    [ "HEURE_SUPP", 55 ],
    [ "NOTIFICATION", 184 ],
    [ "HORAIRES", 325 ]
  ],
  "cy": [
    [ "TELETRAVAIL", 68 ],
    [ "teletravaille", 68 ],
    [ "a_pose", 68 ],
    [ "CONGES", 68 ],
    [ "valide_tt", 177 ],
    [ "valide_conges", 177 ],
    [ "ABSCENCE", 337 ],
    [ "est_absent", 337 ],
    [ "EMPLOYE", 337 ],
    [ "travaille_sup", 497 ],
    [ "informe", 497 ],
    [ "travaille", 497 ],
    [ "HEURE_SUPP", 606 ],
    [ "NOTIFICATION", 606 ],
    [ "HORAIRES", 606 ]
  ],
  "shift": [
    [ "teletravaille,TELETRAVAIL,0", 0 ],
    [ "teletravaille,EMPLOYE,0", 0 ],
    [ "a_pose,CONGES,0", 0 ],
    [ "a_pose,EMPLOYE,0", 0 ],
    [ "valide_tt,TELETRAVAIL,0", 0 ],
    [ "valide_tt,EMPLOYE,0", 0 ],
    [ "valide_conges,CONGES,0", 0 ],
    [ "valide_conges,EMPLOYE,0", 0 ],
    [ "est_absent,ABSCENCE,0", 0 ],
    [ "est_absent,EMPLOYE,0", 0 ],
    [ "travaille_sup,HEURE_SUPP,0", 0 ],
    [ "travaille_sup,EMPLOYE,0", 0 ],
    [ "informe,EMPLOYE,0", 0 ],
    [ "informe,NOTIFICATION,0", 0 ],
    [ "travaille,HORAIRES,0", 0 ],
    [ "travaille,EMPLOYE,0", 0 ]
  ],
  "ratio": []
}